birthplace_id,place_of_birth,lat,lon
Q50309,Okcheon County,36.300833333333,127.56861111111
Q51682,Glendale,33.583333333333,-112.2
Q20934,Incheon,37.463888888889,126.64861111111
Q41154,North Gyeongsang,36.25,128.75
Q6548,Orléans,47.902222222222,1.9041666666667
Q115426,Moreuil,49.774444444444,2.4830555555556
Q37776,Besançon,47.242222222222,6.0213888888889
Q406,Istanbul,41.01,28.960277777778
Q42056,Gangneung,37.755555555556,128.89611111111
Q42112,Suncheon,34.9505555555556,127.4875
Q21840,Ley,48.735555555556,6.6566666666667
Q994523,Changji,44.02216,87.29606
Q956,Beijing,39.90403,116.407526
Q57970,Changzhou,31.8121666666667,119.969166666667
Q53077,Saltillo,25.4230555555556,-100.991944444444
Q189138,Hermosillo,29.075,-110.958333333333
Q1013930,Ramos Arizpe,25.5436111111111,-100.950277777778
Q490457,Rendsburg,54.304444444444,9.6644444444444
Q243526,Kevelaer,51.5833333333333,6.25
Q320514,Lancaster,40.039722222222,-76.304444444444
Q15174,Shenzhen,22.535,114.054
Q23154,Bristol,51.4536111111111,-2.5975
Q9838,Goirle,51.5203,5.0671
Q16666,Nanjing,32.0608333333333,118.778888888889
,,,
Q427488,Dazhou,31.2152,107.49472
Q470592,Amherst,42.978333333333,-78.8
Q36312,Calgary,51.05,-114.066666666667
Q174224,Wilmington,39.748333333333,-75.551388888889
Q5083,Seattle,47.60621,-122.33207
Q8684,Seoul,37.56,126.99
Q3130,Sydney,-33.8677777777778,151.21
Q16697,Manresa,41.726388888889,1.8291666666667
Q15420,Granollers,41.608333,2.288889
Q649,Moscow,55.755833333333,37.617777777778
Q1492,Barcelona,41.3825,2.1769444444444
Q2807,Madrid,40.4169444444444,-3.70333333333333
Q487999,Gainesville,29.665277777778,-82.336111111111
Q34692,Kingston,17.971388888889,-76.793055555556
Q981995,Taylor,30.572371,-97.416546
Q170730,Kanye,-24.983333333333,25.35
Q1570007,Rice Lake,45.498333333333,-91.738888888889
Q41819,Kansas City,39.05,-94.583333333333
Q126269,Wolverhampton,52.5841666666667,-2.12527777777778
Q3881,Lusaka,-15.416666666667,28.283333333333
Q114,Kenya,0.1,38.0
Q1963,Khartoum,15.60308,32.52654
Q565568,Tiaret,35.366666666667,1.3166666666667
Q6346,Indianapolis,39.768611111111,-86.158055555556
Q23436,Edinburgh,55.9533333333333,-3.18916666666667
Q43668,Louisville,38.2561111111111,-85.7513888888889
Q27587,Sandnes Municipality,58.845,5.829444
Q380130,Nyeri,-0.41666666666667,36.95
Q1229921,Kapchorwa District,1.3333333333333,34.566666666667
Q115,Ethiopia,9.0,40.0
Q49222,Chesapeake,36.767398,-76.287405
Q926940,Hampton,33.3814,-84.2894
Q835831,Mount Vernon,40.914166666667,-73.830555555556
Q1812809,Ulsteinvik,62.343055555556,5.8486111111111
Q1759699,São Joaquim da Barra,-20.580833333333,-47.855
Q80985,Fez,34.0433333333333,-5.00333333333333
Q6106,Portland,45.516666666667,-122.66666666667
Q1121429,Uasin Gishu County,0.516667,35.2833
Q172,Toronto,43.670277777778,-79.386666666667
Q1001895,Buff Bay,18.23333333,-76.65
Q1020159,Etobicoke,43.6161,-79.5125
Q1025401,Scarborough,43.7737,-79.2446
Q217426,Soweto,-26.2677777777778,27.8586111111111
Q1576076,Kempton Park,-26.1,28.2333
Q7379326,Rumney,51.5089,-3.13251
Q42448,Sheffield,53.3808333333333,-1.47027777777778
Q208139,London Borough of Newham,51.5166666666667,0.0333333333333333
Q2989314,Sandy Ground,18.2,-63.083333333333
Q989418,Stockton-on-Tees,54.57,-1.32
Q23556,Atlanta,33.756944444444,-84.390277777778
Q34404,New Orleans,29.9761111111111,-90.0783333333333
Q980055,Missouri City,29.58278,-95.53917
Q755844,Potomac,39.0180555555556,-77.2086111111111
Q141152,Tutume,-20.494301,27.034791
Q170642,Hukuntsi,-23.998888888889,21.78
Q963,Botswana,-22.2,23.7
Q617407,Eton,51.4881,-0.6092
Q846683,Grantham,52.918055555556,-0.63805555555556
Q184163,Colchester,51.888611,0.903611
Q131491,Brighton,50.8208333333333,-0.1375
Q3476942,Sebeta,8.91666666666667,38.6166666666667
Q2449,Mogadishu,2.03916666666667,45.3419444444444
Q54886,Cuenca,-2.8974138888889,-79.004480555556
Q2572868,Sobradinho,-15.6530555555556,-47.7913888888889
Q686184,Llerena,38.2375,-6.0152777777778
Q133073,Dunedin,-45.8741666666667,170.503611111111
Q2160619,Abbeville,34.504525,-89.500713
Q3861,Doha,25.3,51.533333333333
Q128891,Lafayette,30.243062,-92.012649
Q488924,Oceanside,33.211666666667,-117.32583333333
Q182299,Chania,35.516666666667,24.016666666667
Q17151,Thessaloniki,40.6402777777778,22.9355555555556
Q242926,Marino,41.766666666667,12.666666666667
Q1563,Havana,23.136666666667,-82.358888888889
Q117040,Santiago de Cuba,20.0216666666667,-75.8294444444444
Q164380,Bethlehem,40.626111111111,-75.375555555556
Q602783,Ocho Rios,18.399444,-77.103056
Q637555,Montego Bay,18.466666666667,-77.916666666667
Q216,Vilnius,54.6872222222222,25.28
Q478302,Toowoomba,-27.55,151.95
Q16461,Nanaimo,49.164166666667,-123.93638888889
Q329775,Kiskunhalas,46.431944444444,19.488333333333
Q157835,Zaporizhzhia,47.85,35.1175
Q1253395,Khanewal,30.3,71.933333333333
Q2086163,Panipat district,29.3889,76.9681
Q977183,Saint Andrew Parish,12.119167,-61.626389
Q585,Oslo,59.9133333333333,10.7388888888889
Q4077,Görlitz,51.152777777778,14.987222222222
Q41547,St. George's,12.044444444444,-61.741666666667
Q41699,Castries,14.016666666667,-60.983333333333
Q16557,Dallas,32.779166666667,-96.808888888889
Q603389,Georgetown,33.3675,-79.293888888889
Q491128,Fontana,34.1,-117.46666666667
Q3877399,Nizao,18.25,-70.2
Q852238,Onitsha,6.1666666666667,6.7833333333333
Q836961,Drezdenko,52.833333333333,15.833333333333
Q755504,Atherton,53.523,-2.495
Q891951,Bomet,-0.779666666666667,35.3371888888889
Q4712537,Albion Park,-34.5816666666667,150.7761111
Q90,Paris,48.8566666666667,2.35222222222222
Q351427,Adama,8.55,39.266666666667
Q268459,Cles,46.366666666667,11.033333333333
Q61,"Washington, D.C.",38.895,-77.036666666667
Q192378,Champigny-sur-Marne,48.817222222222,2.5155555555556
Q47716,Charleston,32.7833333333333,-79.9319444444444
Q138338,New Brunswick,40.486666666667,-74.444444444444
Q605472,San Ramon,37.78,-121.97805555556
Q992,Amersfoort,52.15,5.38
Q8652,Miami,25.783333333333,-80.216666666667
Q123977,Orpington,51.3741,0.0986
Q2690524,Peckham,51.4714,-0.0625
Q41262,Nottingham,52.955,-1.1491666666667
Q84,London,51.507222222222,-0.1275
Q502615,Mühldorf am Inn,48.245555555556,12.522777777778
Q3874,Giessen,50.5833333333333,8.66666666666667
Q6149,Soest,51.571111111111,8.1091666666667
Q58006,Zschopau,50.75,13.066666666667
Q503185,Konz,49.702777777778,6.5794444444444
Q755271,Hamden,41.397777777778,-72.921666666667
Q1456,South Carolina,34.0,-81.0
Q165972,Fort Lauderdale,26.135833333333,-80.141944444444
Q16565,Charlotte,35.226944444444,-80.843333333333
Q9970,Velsen,52.466666666667,4.6166666666667
Q9829,Dongen,51.6258,4.9433
Q210007,Vlaardingen,51.916666666667,4.35
Q1310,Arnhem,51.983333333333,5.9166666666667
Q9934,Hilversum,52.23,5.18
Q755142,Bowie,38.9427777777778,-76.7302777777778
Q47822,Bury,53.59315,-2.2985527777778
Q19789,Welwyn Garden City,51.8062,-0.1932
Q3624,Addis Ababa,9.0272222222222,38.736944444444
Q1007719,Kisii,-0.6698,34.7675
Q570768,Wuhai,39.684444444444,106.81583333333
Q605372,Orce,37.7213888888889,-2.47944444444444
Q5328965,East Melbourne,-37.813,144.985
Q48256,Dnipro,48.4675,35.04
Q7055499,North Gosford,-33.415,151.3511111
Q1767620,Leongatha,-38.483333333333,145.95
Q3183,Perth,-31.9558333333333,115.859722222222
Q570990,Lakewood,41.480833333333,-81.800277777778
Q92561,London,42.9837,-81.2497
Q51696,Mesquite,32.78278,-96.60972
Q2966,Heidelberg,49.412222222222,8.71
Q51694,Grand Prairie,32.715278,-97.016944
Q36281,Roseau,15.3,-61.383333333333
Q1422332,Saint Thomas Parish,17.9,-76.433333333333
Q22629,Germersheim,49.216666666667,8.3666666666667
Q37100,Auckland,-36.8491666666667,174.765277777778
Q8686,Shanghai,31.166666666667,121.46666666667
Q506586,Newark,39.683333333333,-75.75
Q1357774,Penglai District,37.816666666667,120.73333333333
Q1435,Zagreb,45.8130555555556,15.9772222222222
Q236837,Richmond,49.166666666667,-123.13333333333
Q1925098,Pickerington,39.8922,-82.7639
Q200740,Asahikawa,43.770638888889,142.365
Q1025649,Worcester,-33.645,19.443611111111
Q8385,Ostrava,49.835555555556,18.2925
Q239,City of Brussels,50.8466666666667,4.35166666666667
Q24826,Liverpool,53.4075,-2.99194444444444
Q318418,Vilvoorde,50.928138888889,4.4244888888889
Q26432,Zoetermeer,52.061111111111,4.4933333333333
Q946384,Ibarra,0.362778,-78.13
Q5130161,Clayton,-37.915,145.13
Q25331,Odense,55.4,10.383333333333
Q1861,Bangkok,13.75,100.51666666667
Q474868,Alor Setar,6.1166666666667,100.36666666667
Q1867,Taipei,25.0375,121.5625
Q16572,Guangzhou,23.13,113.26
Q42780,Ningbo,29.875,121.54916666667
Q185221,Malacca,2.2,102.251
Q1865,Kuala Lumpur,3.1477777777778,101.69527777778
Q41283,Gwangju,35.166666666667,126.91666666667
Q57756,Lianyungang,34.59057,119.1801
Q10981,Wonogiri,-7.91667,111.0
Q1023920,Xingning,24.168055555556,115.66694444444
Q11736,Tianjin,39.146666666667,117.20555555556
Q43934,Liaoning,41.803888888889,123.42583333333
Q41705,Fujian,25.9,118.3
Q123258,Fukuoka Prefecture,33.6061111111111,130.418055555556
Q1205526,Hachirogata,39.9493611111111,140.073305555556
Q42635,Wenzhou,27.999128,120.656075
Q16967,Zhejiang,30.266666666667,120.15
Q20714,Suwon,37.285833333333,127.01
Q232631,Suginami-ku,35.6994444444444,139.636388888889
Q693264,Iwamizawa,43.1961666666667,141.775888888889
Q9059903,Pinetown,35.610277777778,-76.861388888889
Q184587,Grand Rapids,42.96336,-85.66809
Q163132,Akron,41.073055555556,-81.517777777778
Q1297,Chicago,41.85003,-87.65005
Q3886817,Suitland,38.8486,-76.9244
Q3808,Yaoundé,3.8577777777778,11.518055555556
Q936741,Oshkosh,44.024166666667,-88.561111111111
Q65,Los Angeles,34.05223,-118.24368
Q38022,St. Louis,38.6263888888889,-90.1994444444444
Q385825,Parker,39.5194,-104.766
Q206493,Sèvres,48.823055555556,2.2108333333333
Q188743,Lisieux,49.145555555556,0.22555555555556
Q46135,Créteil,48.777777777778,2.4530555555556
Q189153,Saint-Cloud,48.846388888889,2.2152777777778
Q380271,Sainte-Catherine,50.307222222222,2.7630555555556
Q274327,Saint-Maurice,48.818333333333,2.4347222222222
Q182744,Saint-Quentin,49.847777777778,3.2855555555556
Q81621,Fort-de-France,14.6,-61.0666666666667
Q208713,Ixelles - Elsene,50.8330555555556,4.36694444444444
Q249852,Bourg-la-Reine,48.778055555556,2.3158333333333
Q237281,Le Chesnay,48.820277777778,2.1302777777778
Q142410,Dreux,48.736388888889,1.3655555555556
Q208038,Čačak,43.891388888889,20.349722222222
Q3711,Belgrade,44.8177777777778,20.4569444444444
Q201125,Zrenjanin,45.377777777778,20.386111111111
Q208514,Knin,44.033333333333,16.183333333333
Q1256993,Priboj,43.58163,19.52734
Q204475,Sombor,45.78,19.12
Q83065,Leicester,52.6361111111111,-1.13305555555556
Q206317,Kraljevo,43.72342,20.686975
Q55630,Novi Sad,45.264444444444,19.831666666667
Q959924,O'Fallon,38.784444444444,-90.708055555556
Q1345,Philadelphia,39.952777777778,-75.163611111111
Q491114,Hayward,37.668888888889,-122.08083333333
Q16555,Houston,29.762777777778,-95.383055555556
Q493261,Walnut Creek,37.9063131,-122.064963
Q540727,Poway,32.962777777778,-117.03583333333
Q128069,Syracuse,43.046899,-76.144423
Q485716,Glendale,34.170833333333,-118.25
Q25280,Harrisburg,40.2645548713907,-76.883381676723
Q3473644,Hopkins,33.905555555556,-80.876666666667
Q2179848,Princeton,38.3536,-87.5706
Q1479,Bordeaux,44.837777777778,-0.57944444444444
Q12193,Brest,48.39,-4.4869444444444
Q6625,Agen,44.203055555556,0.61861111111111
Q1476,Le Mans,48.004166666667,0.19694444444444
Q132671,Pau,43.300833333333,-0.37
Q188780,Rodez,44.35,2.5741666666667
Q274237,Ris-Orangis,48.651111111111,2.4130555555556
Q211629,Sparks,39.5404722222222,-119.748722222222
Q1010639,Mount Barker,-35.0667,138.85
Q331764,Albury,-36.0733333333333,146.9144444
Q35715,South Australia,-30.0,135.0
Q23661,Wellington,-41.288888888889,174.77722222222
Q3141,Melbourne,-37.8141666666667,144.963055555556
Q40191,Hobart,-42.883333333333,147.31666666667
Q17980,Katherine,-14.466667,132.266667
Q3114,Canberra,-35.293055555556,149.12694444444
Q6667265,Loganholme,-27.6844,153.19
Q490434,Ventura,34.26778,-119.254206
Q455464,Noordwijk,52.233333333333,4.4333333333333
Q727,Amsterdam,52.3727777777778,4.89361111111111
Q3001,Paramaribo,5.8666666666667,-55.166666666667
Q6544,Libourne,44.915277777778,-0.24388888888889
Q3581,Roanne,46.036111111111,4.0680555555556
Q41876,Reims,49.265277777778,4.0286111111111
Q7003,Dijon,47.323055555556,5.0419444444444
Q1693963,Rokiškis,55.9666666666667,25.5833333333333
Q391582,Šilalė,55.4916666666667,22.1833333333333
Q658562,Raseiniai,55.366666666667,23.116666666667
Q2865,Kassel,51.315777777778,9.4979166666667
Q2066,Essen,51.450833333333,7.0130555555556
Q498560,Rotenburg an der Wümme,53.111388888889,9.4108333333333
Q8818,Valencia,39.47,-0.376388888888889
Q52607,Mar del Plata,-38.0,-57.55
Q8692,Bilbao,43.262222222222,-2.9533333333333
Q852684,Marietta,33.953333333333,-84.540555555556
Q958596,Wenatchee,47.423333333333,-120.32527777778
Q186702,Chattanooga,35.045555555556,-85.267222222222
Q487656,Andijan,40.781944444444,72.344166666667
Q132801,Albi,43.928055555556,2.1458333333333
Q1020261,Higüey,18.618055555556,-68.711111111111
Q497472,Santa Cruz,15.133333333333,-23.566666666667
Q5764,Bukhara,39.774722222222,64.428611111111
Q47282,Osh,40.533333333333,72.783333333333
Q22905,Bradford,53.794,-1.751
Q272471,Matanzas,23.049444,-81.573611
Q7880,Toulouse,43.604444444444,1.4438888888889
Q6389770,Kennetcook,45.178,-63.722
Q182521,Rustavi,41.5436111111111,45.0116666666667
Q486329,Fergana,40.386388888889,71.786388888889
Q40194,Mazatlán,23.241388888889,-106.40972222222
Q49233,Orlando,28.533611111111,-81.386666666667
Q156747,Poltava,49.5894444444444,34.5513888888889
Q1520,Astana,51.133333333333,71.433333333333
Q185156,Guantánamo,20.138333,-75.206111
Q3710896,Fergana District,40.1706022,71.7286833
Q241,Cuba,22.0,-79.5
Q2639206,Sariosiyo District,38.416666666667,67.95
Q484799,Marbella,36.511363888889,-4.8834416666667
Q312209,Buea,4.1666666666667,9.2333333333333
Q769160,Grande-Synthe,51.013055555556,2.3022222222222
Q45301,Trabzon,41.005,39.7225
Q4179780,Zhetigen,43.678916666667,77.116694444444
Q40626,Tacloban,11.244444444444,125.00388888889
Q58401,Shijiazhuang,38.0425,114.51
Q3640,Ankara,39.93576,32.83869
Q213169,Chongju,39.69277,125.21015
Q50345,Hwasun County,35.059444444444,126.985
Q516297,Yingge District,24.956,121.355
Q234184,Chełm,51.133333333333,23.483333333333
Q206879,Nevşehir,38.625,34.712222222222
Q314965,Santa Cruz,6.8333333333333,125.41666666667
Q1761,Dublin,53.3497222222222,-6.26027777777778
Q36947,Salvador,-12.9830555555556,-38.4927777777778
Q2876364,Aïn Sidi Ali,34.15694444,1.54166667
Q570829,Chifeng,42.255,118.8825
Q327737,Nong Khai,17.868055555556,102.74444444444
Q249868,Hualien County,23.9761111111111,121.604722222222
Q43684,Henan,33.9,113.5
Q3306,Panama City,9.0,-79.5
Q3976501,Subiaco,-31.95,115.825
Q132830,Douala,4.05,9.7
Q319959,Saint-Laurent-du-Maroni,5.5038888888889,-54.028888888889
Q583894,Kissimmee,28.303888888889,-81.412777777778
Q128186,Saitama Prefecture,35.8571666666667,139.649194444444
Q688371,Tréméven,47.898333333333,-3.5325
Q134902,Stoke-on-Trent,53.0,-2.1833333333333
Q1780,Bratislava,48.144722222222,17.112777777778
Q6221,Brescia,45.538888888889,10.220280555556
Q163108,Saint-Malo,48.647222222222,-2.0088888888889
Q10313,San Sebastián,43.32,-1.98
Q252426,Mammendorf,48.2,11.15
Q23482,Marseille,43.296666666667,5.3763888888889
Q3955,Weimar,50.9811111111111,11.3294444444444
Q2043861,Sylva,35.3742,-83.2178
Q802,Nowy Sącz,49.623888888889,20.697222222222
Q623765,Rugby,52.37,-1.26
Q24393,Les Ollières-sur-Eyrieux,44.804166666667,4.6138888888889
Q430864,Nymburk,50.186115487846,15.041747256066
Q1762068,Ubaitaba,-14.312777777778,-39.322777777778
Q36036,Lviv,49.8425,24.0322222222222
Q43194,Yunnan,25.0494444444444,102.708888888889
Q3639,Verbania,45.9227777777778,8.55194444444444
Q1085,Prague,50.0875,14.4213888888889
Q1781,Budapest,47.498333333333,19.040833333333
Q81581,Szeged,46.25,20.166666666667
Q64,Berlin,52.516666666667,13.383333333333
Q524407,Heppenheim,49.641527777778,8.645
Q855052,Mezőtúr,47.004166666667,20.618055555556
Q5465,Cape Town,-33.9252777777778,18.4238888888889
Q36074,Queensland,-20.0,143.0
Q586,Bonn,50.733888888889,7.0997222222222
Q1731,Dresden,51.05,13.74
Q605113,Gosford,-33.4233333333333,151.3413889
Q816070,Bellville,-33.9,18.633333333333
Q15090,Lleida,41.616666666667,0.63333333333333
Q671341,Betanzos,43.2791691,-8.2106329
Q34217,Oxford,51.751944444444,-1.2577777777778
Q1628188,Cangas,42.27790245,-8.78984095903
Q50816,Mississauga,43.6,-79.65
Q1356446,Yanshan County,28.3181,117.704
Q1198168,Tai'erzhuang District,34.560788888889,117.73824722222
Q156726,Ivano-Frankivsk,48.922777777778,24.710555555556
Q156732,Kherson,46.6425,32.625
Q207756,Tauranga,-37.685833333333,176.16666666667
Q101646267,Bursø,54.7363,11.4897
Q233467,Gisborne,-38.6625,178.01777777778
Q106583,Bielsko-Biała,49.8225,19.044444444444
Q14937,Olfen,51.708611111111,7.38
Q13121,Aalst,50.9383333333333,4.03916666666667
Q208866,La Seyne-sur-Mer,43.103055555556,5.8783333333333
Q383723,Herentals,51.1766666666667,4.83638888888889
Q79441,Homer,59.6431,-151.526
Q2766547,'s-Hertogenbosch,51.7,5.3166666666667
Q943446,Rumst,51.0769,4.4233
Q2935500,Camperdown,-38.236,143.145
Q3532,Hemel Hempstead,51.753333,-0.448611
Q991277,Brownsburg,39.8419,-86.3956
Q2360275,Luyksgestel,51.29,5.3239
Q213180,Maidstone,51.271666666667,0.52944444444444
Q211870,Paisley,55.8455555555556,-4.42388888888889
Q10014,Kampen,52.555,5.9197222222222
Q10005,Hellendoorn,52.3885,6.4497
Q1000662,Stamford,52.6556,-0.4837
Q736785,Morpeth,55.1675,-1.6908333333333
Q706029,Whyalla,-33.033333333333,137.06666666667
Q5112,Adelaide,-34.9275,138.6
Q208158,Viana do Castelo,41.7,-8.8333333333333
Q191135,Vila Nova de Gaia,41.133333333333,-8.6166666666667
Q101426,Ponte San Pietro,45.697777777778,9.5880555555556
Q47874,Isola della Scala,45.2692,11.0107
Q3414556,Slagelse,55.400833333333,11.35
Q2040882,Kokkedal,55.908333333333,12.49
Q514994,Lavaur,43.698888888889,1.8188888888889
Q1296,Ghent,51.0536111111111,3.72527777777778
Q868642,Newcastle-under-Lyme,53.0109,-2.2278
Q23086,North Yorkshire,54.166666666667,-1.3333333333333
Q208257,Bedford,52.134444444444,-0.46305555555556
Q216638,Wakefield,53.6825,-1.4975
Q46797,Mirano,45.49275,12.10988
Q53381,Tolmezzo,46.4,13.016666666667
Q116884039,Christchurch Women’s Hospital,-43.53388,172.62455
Q536647,Dassow,53.9074,10.9807
Q835835,Carmarthen,51.856944444444,-4.3163888888889
Q39121,Leeds,53.7975,-1.54361111111111
Q207371,Lichfield,52.6835,-1.82653
Q992759,Te Awamutu,-38.008333333333,175.325
Q206687,Nelson,-41.293056,173.238056
Q1733,Magdeburg,52.1315889,11.6399609
Q3185,Hildesheim,52.15,9.95
Q2330283,Kaatsheuvel,51.6564,5.0303
Q103219,Pontedera,43.6625,10.632777777778
Q10690,Cardiff,51.4816666666667,-3.17916666666667
Q1010044,Langbank,55.9241,-4.58634
Q798,Assen,53.0,6.55
Q16552,San Diego,32.715,-117.1625
Q644002,Skarżysko-Kamienna,51.1166666666667,20.8833333333333
Q37043,Tallahassee,30.4383333333333,-84.2805555555556
Q212289,Palmerston North,-40.354911,175.609511
Q31805,Invercargill,-46.429,168.362
Q932302,Dingle,52.139915,-10.27153
Q174019,Béziers,43.343333333333,3.2161111111111
Q5468,Durban,-29.858333333333,31.025
Q482993,Park City,40.659444444444,-111.49972222222
Q26509,Falun,60.602736713846,15.656063817692
Q191126,Saintes,45.745277777778,-0.63444444444444
Q208798,Cavaillon,43.836666666667,5.0372222222222
Q648,Lille,50.631944444444,3.0575
Q140075,Gold Coast,-28.016666666667,153.4
Q793,Zwolle,52.516666666667,6.1
Q68742,Echichens,46.533333333333,6.5
Q170688,Santa Cruz de la Sierra,-17.789166666667,-63.1975
Q1425428,Newcastle upon Tyne,54.977777777778,-1.6133333333333
Q425492,Luzhou,28.89182,105.44093
Q49225,Reno,39.5261111111111,-119.812666666667
Q705699,Gladstone,-23.843611111111,151.25194444444
Q59100,Shantou,23.3538888888889,116.682222222222
Q71284,Xiangyang,32.06536,112.15307
Q1489,Mexico City,19.419444444444,-99.145555555556
Q823967,Takarazuka,34.8,135.360305555556
Q1200619,Rongjiang County,25.93284,108.51649
Q914055,San Nicolás de los Garza,25.75,-100.28333333
Q659803,Ashton-under-Lyne,53.4941,-2.1032
Q215829,Harrogate,53.991944444444,-1.5377777777778
Q1200950,Shiping County,23.71565,102.48556
Q571652,Wuzhou,23.483333,111.316667
Q43382,Plymouth,50.371388888889,-4.1422222222222
Q340,Montreal,45.508888888889,-73.561666666667
Q189823,Haikou,20.02,110.32
Q71455,Xiantao City,30.383333333333,113.4
Q59144,Zhanjiang,21.196667,110.403056
Q18808,Pyongyang,39.0166666666667,125.7475
Q984677,Plantation,26.124444444444,-80.249444444444
Q170263,Chester,53.2,-2.8833333333333
Q205679,London Borough of Hackney,51.544722222222,-0.0575
Q201812,Huddersfield,53.645,-1.7797222222222
Q4007,Rosenheim,47.856111111111,12.128888888889
Q243337,Issum,51.538888888889,6.4236111111111
Q21694674,Kent,51.19,0.73
Q15979,Kehl,48.571111111111,7.8088888888889
Q21179,Sønderborg,54.911388888889,9.7866666666667
Q1019136,Kirke Hvalsø,55.5917,11.8622
Q26,Northern Ireland,54.6075,-6.6925
Q3405693,Sark,49.433055555556,-2.3608333333333
Q39785,Bad Soden am Taunus,50.1424305555556,8.49972222222222
Q546635,Royal Leamington Spa,52.2919444444444,-1.53583333333333
Q2527924,Hallington,53.3514,-0.042562
Q38380,Angers,47.472777777778,-0.55555555555556
Q34001,Roubaix,50.69,3.1816666666667
Q12191,Nantes,47.217222222222,-1.5538888888889
Q26600,Fukuoka,33.59,130.401666666667
Q844047,Motosu,35.483,136.678638888889
Q11751,Nagoya,35.1813888888889,136.906388888889
Q48320,Kobe,34.6901666666667,135.195444444444
Q2769,Warendorf,51.953888888889,7.9933333333333
Q66705,Bassecourt,47.35,7.2333333333333
Q9835,Geldrop-Mierlo,51.4336,5.5881
Q210531,London Borough of Enfield,51.654722222222,-0.079722222222222
Q443840,Alton,51.1498,-0.9769
Q1144372,Camden,34.259166666667,-80.609166666667
Q846040,Camarillo,34.225555555556,-119.03222222222
Q911442,Brewster,41.3961,-73.6158
Q22690,Metz,49.119722222222,6.1769444444444
Q3667188,Cherbourg,49.63333333,-1.6
Q80434,Aichi Prefecture,35.1801666666667,136.906416666667
Q335322,Pointe-à-Pitre,16.241111111111,-61.533055555556
Q85,Cairo,30.0444444444444,31.2358333333333
Q288413,Tapolca,46.882777777778,17.441111111111
Q132705,Niigata Prefecture,37.9024722222222,139.023166666667
Q819629,Toba,34.481333333333,136.84341666667
Q877941,Echizen,35.9035,136.16875
Q2444636,Prague 2,50.074166666667,14.442777777778
Q81137,Olomouc,49.593888888889,17.250833333333
Q384544,Karlovy Vary,50.230555555556,12.8725
Q156974,Ústí nad Labem,50.659166666667,14.041666666667
Q1054923,British Hong Kong,22.28,114.16
Q1490,Tokyo,35.6894444444444,139.691666666667
Q199609,Ōita,33.2395555555556,131.609361111111
Q83273,Ibaraki Prefecture,36.3417222222222,140.446833333333
Q220,Rome,41.893055555556,12.482777777778
Q3415,Ancona,43.616666666667,13.516666666667
Q42810,Le Havre,49.494166666667,0.10805555555556
Q194160,Clamart,48.800833333333,2.2619444444444
Q44401,Cayenne,4.9386111111111,-52.335
Q185075,Saint-Germain-en-Laye,48.896388888889,2.0905555555556
Q20921,Daejeon,36.35,127.385
Q3572,Tunis,36.800833333333,10.18
Q13464,Foggia,41.45845,15.55188
Q20927,Daegu,35.8716666666667,128.601666666667
Q209988,Gödöllő,47.6,19.366666666667
Q184023,Tarbes,43.232777777778,0.074444444444444
Q264277,Gémenos,43.296111111111,5.6269444444444
Q8646,Hong Kong,22.278333333333,114.15861111111
Q456,Lyon,45.758888888889,4.8413888888889
Q1903,Catania,37.502669444444,15.087269444444
Q2790,Udine,46.066666666667,13.233333333333
Q31487,Kraków,50.061388888889,19.937222222222
Q106281,Tarnów,50.0125,20.988333333333
Q37320,Cleveland,41.482222222222,-81.669722222222
Q18424,Queens,40.704166666667,-73.917777777778
Q133116,Hamilton,43.256666666667,-79.869166666667
Q138391,Paterson,40.915555555556,-74.163055555556
Q6252,Monza,45.5836111111111,9.27361111111111
Q34697,Camposampiero,45.566666666667,11.933333333333
Q2751,Siena,43.318333333333,11.331388888889
Q3543,Potenza,40.633333333333,15.8
Q200747,Wakayama,34.2303611111111,135.17075
Q273880,Beppu,33.2846111111111,131.491277777778
Q199889,Kumamoto,32.803,130.707861111111
Q6602,Strasbourg,48.573333333333,7.7522222222222
Q41572,Mykolaiv,46.975,31.995
Q1899,Kyiv,50.45,30.523611111111
Q997371,Netishyn,50.33,26.64
Q157725,Chernivtsi,48.290833333333,25.934444444444
Q16520,Busan,35.18,129.075
Q37951,Sapporo,43.0619444444444,141.354444444444
Q819603,Munakata,33.8055277777778,130.540777777778
Q55,Netherlands,52.316666666667,5.55
Q9949,Naarden,52.295277777778,5.1622222222222
Q10052,Vianen,51.983333333333,5.1
Q690,Delft,52.0116666666667,4.35916666666667
Q34370,Rotterdam,51.92,4.48
Q1000817,Leiderdorp,52.1616666666667,4.52833333333333
Q3519142,Teteringen,51.6086,4.8206
Q2636411,Geldrop,51.4222,5.5578
Q43631,Leiden,52.16,4.49
Q2682795,Berkel-Enschot,51.5825,5.1428
Q36600,The Hague,52.08,4.31
Q58797,Hattem,52.474444444444,6.0697222222222
Q2758,Mönchengladbach,51.2,6.4333333333333
Q1055,Hamburg,53.55,10.0
Q2899,Mülheim an der Ruhr,51.4275,6.8825
Q2805,Krefeld,51.333333333333,6.5666666666667
Q2119,Mannheim,49.4877777777778,8.46611111111111
Q1486,Buenos Aires,-34.599722222222,-58.381944444444
Q1718,Düsseldorf,51.231144444444,6.7723805555556
Q2090,Nuremberg,49.4538888888889,11.0775
Q1796771,Köthen,51.7511111111111,11.9736111111111
Q2973,Darmstadt,49.866666666667,8.65
Q48403,Amritsar,31.626917,74.87704
Q41561,Sonipat,28.995833333333,77.011388888889
Q33377,Jalandhar,31.325555555556,75.579166666667
Q26159875,Khusropur,31.250182,75.384938
Q1190879,Dabra,25.9,78.33
Q79980,Varanasi,25.318888888889,83.012777777778
Q1356097,Ernakulam district,10.0,76.33
Q3440891,Attari,31.600833333333,74.605555555556
Q1287993,Ghazipur district,25.583222222222,83.580861111111
Q2296047,Sundargarh district,22.116,84.016
Q928162,Itarsi,22.62,77.75
Q15881216,Renkum,51.9738,5.7294
Q9920,Haarlem,52.380277777778,4.6405555555556
Q1616233,Leidschendam,52.083333333333,4.4
Q9875,Veldhoven,51.42,5.405
Q47887,Nijmegen,51.8475,5.8625
Q9898,Amstelveen,52.3019444444444,4.85805555555556
Q26421,Dordrecht,51.7958333333333,4.67833333333333
Q9939,Huizen,52.2994,5.2531
Q12557060,Veghel,51.6175,5.5461
Q10027,Baarn,52.2125,5.2861
Q3030229,Udenhout,51.6094,5.1403
Q803,Utrecht,52.0908333333333,5.12166666666667
Q9832,Eindhoven,51.434444444444,5.4841666666667
Q1199630,Qianwei County,29.20895,103.94325
Q16259647,Tianfu New Area,30.5017,104.0691
Q708282,Dongli District,39.08534,117.30799
Q426868,Leshan,29.5854,103.75755
Q1209118,Mianzhu,31.34463,104.19941
Q57818,Huai'an,33.58861,119.01917
Q1199921,Kaijiang County,31.08706,107.86235
Q54107,Luján,-34.570277777778,-59.105
Q2284841,Villa Raffo,-34.606944444444,-58.531944444444
Q36307,Salta,-24.788333333333,-65.410555555556
Q749623,Adrogué,-34.8,-58.383333333333
Q44059,La Plata,-34.933333333333,-57.95
Q414,Argentina,-34.0,-64.0
Q44255,San Miguel de Tucumán,-26.816666666667,-65.216666666667
Q1905080,Victoria,-32.616666666667,-60.166666666667
Q642057,Lomas de Zamora,-34.766666666667,-58.4
Q2917260,Vicente López,-34.533333333333,-58.475
Q44210,Córdoba,-31.416666666667,-64.183333333333
Q499184,Roquetas de Mar,36.781388888889,-2.6147222222222
Q20103929,Estanyol,41.9411416667,2.74058055556
Q16728,Sallent de Llobregat,41.8259065,1.8948758
Q15468,Badalona,41.433333333333,2.2333333333333
Q618375,Turón,36.863611111111,-3.0575
Q1645087,El Campillo,37.6932336,-6.6299678
Q1628400,Olivares,37.418611111111,-6.1558333333333
Q11959,Alicante,38.345277777778,-0.48305555555556
Q5831,Melilla,35.2825,-2.9475
Q8203147,Aratzuri,42.815833333333,-1.7202777777778
Q3051309,Elizondo,43.1468055555556,-1.51711111111111
Q13939,Terrassa,41.561111111111,2.0080555555556
Q1770040,Almussafes,39.2924334,-0.4138577
Q8717,Seville,37.383333333333,-5.9833333333333
Q13855,Vic,41.930379,2.254575
Q847130,Beasain,43.0473269,-2.2032868
Q242497,Tremblay-en-France,48.956111111111,2.5763888888889
Q142,France,47.0,2.0
Q187796,Orange,44.1375,4.8088888888889
Q48958,Neuilly-sur-Seine,48.887222222222,2.2675
Q193929,Suresnes,48.871111111111,2.2269444444444
Q174002,Colombes,48.923611111111,2.2522222222222
Q333559,Granville,48.838055555556,-1.5869444444444
Q193877,Ivry-sur-Seine,48.813888888889,2.3877777777778
Q258878,Stains,48.955277777778,2.3822222222222
Q387630,Sevran,48.941388888889,2.5227777777778
Q170507,Nanterre,48.890555555556,2.2036111111111
Q277162,Hammersmith,51.4928,-0.2229
Q22752,Montigny-lès-Metz,49.099722222222,6.1533333333333
Q3992,Liège,50.6397222222222,5.57055555555556
Q15950,Igualada,41.581388888889,1.6208333333333
Q1813,Saint-Tropez,43.269722222222,6.6386111111111
Q834850,Borgerhout,51.2133,4.4331
Q720791,Jemeppe-sur-Sambre,50.466666666667,4.6666666666667
Q1840,Veenendaal,52.025,5.555
Q1818491,Strombeek-Bever,50.9103,4.3561
Q267663,Hoboken,51.1736,4.3483
Q595974,Khouribga,32.88,-6.9
Q219583,El Jadida,33.2342,-8.5228
Q7903,Casablanca,33.599166666667,-7.62
Q33959,Nice,43.701944444444,7.2683333333333
Q377853,Sidi Belyout,33.584444444444,-7.6372222222222
Q2666920,Grayslake,42.34806,-88.03222
Q1003649,Alpharetta,34.073333333333,-84.281111111111
Q1025065,Sleepy Hollow,41.091944444444,-73.864444444444
Q74195,Menlo Park,37.454166666667,-122.17861111111
Q3451856,New Hyde Park,40.7322,-73.6847
Q724884,Ashburn,39.0436,-77.4875
Q16553,San Jose,37.304166666667,-121.87277777778
Q462804,Lakewood,39.706389,-105.102778
Q243007,Naperville,41.74826,-88.16585
Q43196,Cincinnati,39.1,-84.5125
Q367285,Bridgewater Township,40.5931,-74.6047
Q49174,Bridgeport,41.183333333333,-73.2
Q268873,Newport Beach,33.616666666667,-117.8975
Q128269,Frisco,33.1414,-96.8131
Q1012003,Windsor,40.4772,-104.912
Q953583,Littleton,39.613321,-105.0166498
Q43301,Fresno,36.781666666667,-119.79222222222
Q2101441,União,-4.5858333333333,-42.863888888889
Q983714,Rondonópolis,-16.470833333333,-54.635833333333
Q2232145,Riacho de Santana,-6.2627777777778,-38.315833333333
Q26339,Jersey City,40.71,-74.06
Q1756002,Jequeri,-20.455833333333,-42.665833333333
Q174,São Paulo,-23.550394444444,-46.633947222222
Q2844,Brasília,-15.793888888889,-47.882777777778
Q241645,Bauru,-22.314722222222,-49.060555555556
Q942083,Votorantim,-23.546944444444,-47.437777777778
Q1649852,Ituverava,-20.506111111111,-47.780555555556
Q42800,Belo Horizonte,-19.9280555555556,-43.9419444444444
Q184409,Guarulhos,-23.466666666667,-46.533333333333
Q988800,Dois Riachos,-9.3927777777778,-37.100833333333
Q1762353,Cipó,-11.1,-38.516944444444
Q1755373,Caeté,-19.88,-43.67
Q737636,Belford Roxo,-22.763888888889,-43.398888888889
Q171617,Campinas,-22.900913888889,-47.057294444444
Q737670,Suzano,-23.542777777778,-46.310833333333
Q462218,Governador Valadares,-18.850833333333,-41.948888888889
Q4072,Göppingen,48.7025,9.6527777777778
Q183,Germany,51.0,10.0
Q365,Cologne,50.942222222222,6.9577777777778
Q539693,Lohne,52.666666666667,8.2386111111111
Q1707,Kiel,54.323333333333,10.139444444444
Q3933,Celle,52.625555555556,10.0825
Q506323,Tettnang,47.670833333333,9.5875
Q3917,Bocholt,51.833333333333,6.6166666666667
Q151831,Eupen,50.633333333333,6.0333333333333
Q14950,Sinsheim,49.25,8.8833333333333
Q507921,Pürgen,48.033333333333,10.916666666667
Q153969,Lindau,47.545833333333,9.6838888888889
Q2880,Hamm,51.666666666667,7.8166666666667
Q3764,Witten,51.4333333333333,7.33333333333333
Q165380,Hann. Münden,51.416666666667,9.65
Q163570,Tönisvorst,51.320833333333,6.4930555555556
Q2936,Oldenburg,53.143888888889,8.2138888888889
Q1677925,Ridgewood,40.983888888889,-74.114444444444
Q868647,Southport,53.646944444444,-3.0080555555556
Q200022,Matsuyama,33.8391666666667,132.765638888889
Q496056,Varel,53.396944444444,8.1361111111111
Q273798,Narita,35.7766666666667,140.318333333333
Q170616,Chiba,35.6072777777778,140.106361111111
Q200078,Okayama,34.6551111111111,133.919583333333
Q4778546,Anō,34.7595555555556,136.446972222222
Q271417,Funabashi,35.6945555555556,139.982555555556
Q74957,Anshan,41.10662,122.98945
Q198370,Zibo,36.783056,118.049722
Q45761,Hunan,27.4,111.8
Q427265,Yibin,28.75961,104.63997
Q51689,Plano,33.05,-96.75
Q287895,Deerfield,42.168333333333,-87.851388888889
Q770571,Johnson City,36.3134444444444,-82.3534722222222
Q49179,Worcester,42.271388888889,-71.798888888889
Q100,Boston,42.3602777777778,-71.0577777777778
Q1461,Manila,14.5958333333333,120.977222222222
Q172438,Peterborough,52.5725,-0.243055555555556
Q2192709,Newtownards,54.591,-5.68
Q1524,Athens,37.9841666666667,23.7280555555556
Q1953,Yerevan,40.181388888889,44.514444444444
Q157055,Cherkasy,49.444444444444,32.059722222222
Q216847,Cúcuta,7.9075,-72.504722222222
Q16567,Columbus,39.9622222222222,-83.0005555555556
Q16556,Phoenix,33.4483333333333,-112.073888888889
Q1762839,Tualatin,45.374808,-122.770067
Q28848,Saint Paul,44.944166666667,-93.093611111111
Q138458,Hackensack,40.887777777778,-74.048055555556
Q1449,Genoa,44.407186111111,8.9339833333333
Q71851,Boscotrecase,40.783333333333,14.466666666667
Q279,Modena,44.64582,10.92572
Q8678,Rio de Janeiro,-22.9111111111111,-43.2055555555556
Q4361,Curitiba,-25.429722222222,-49.271944444444
Q1170994,Saint-Benoît-la-Forêt,47.220555555556,0.3225
Q192265,Focșani,45.699722222222,27.179722222222
Q11725,Chongqing,29.55,106.50694444444
Q57866,Yancheng,33.35,120.156944444444
Q19770,Sichuan,30.0,103.0
Q4970,Hangzhou,30.25,120.1675
Q198399,Zikhron Ya'akov,32.570833333333,34.951666666667
Q801,Israel,31.0,35.0
Q41621,Haifa,32.8191666666667,34.9991666666667
Q10231,Rivoli,45.069715,7.517676
Q20571,Spoleto,42.733333333333,12.733333333333
Q21197,Chișinău,47.0227777777778,28.8352777777778
Q42784,Rho,45.533333333333,9.0333333333333
Q6014,Barnaul,53.356666666667,83.787222222222
Q472,Sofia,42.697886,23.321726
Q123941,Chiaravalle,43.599669444444,13.325680555556
Q181632,Vileyka,54.483333333333,26.916666666667
Q648810,Crewe,53.099,-2.44
Q154835,Mogilev,53.90894,30.34296
Q139398,Longueuil,45.5140833333333,-73.4380277777778
Q594807,Søborg,55.7375,12.508611111111
Q303111,Ringe,55.236944444444,10.479444444444
Q29969,Kerteminde,55.449,10.659
Q27168,Randers,56.456944444444,10.039166666667
Q25319,Aarhus,56.156388888889,10.209722222222
Q25410,Aalborg,57.05,9.9166666666667
Q499400,Høje-Taastrup Municipality,55.6477,12.27
Q2035962,Skjern,55.9436,8.4978
Q12304252,Bramming,55.465,8.70444
Q26881,Helsingør,56.036,12.6106
Q2689028,Lejre,55.6044444444444,11.975
Q1932118,Valby,55.6614,12.5167
Q672395,Thurø,55.0456,10.6672
Q3758,Kaiserslautern,49.444722222222,7.7688888888889
Q1721,Wiesbaden,50.0825,8.24
Q715,Heilbronn,49.140428,9.217953
Q1715,Hanover,52.374444444444,9.7386111111111
Q3798,Flensburg,54.781944444444,9.4366666666667
Q2112,Bielefeld,52.016666666667,8.5333333333333
Q211,Latvia,57.0,25.0
Q4037,Schwäbisch Gmünd,48.8,9.8
Q4074,Euskirchen,50.6612777777778,6.78725555555556
Q3857,Wilhelmshaven,53.5286111111111,8.10555555555556
Q7070,Eisenach,50.974722222222,10.324444444444
Q14872,Bensheim,49.681111111111,8.6227777777778
Q5836,Toledo,39.866666666667,-4.0333333333333
Q12233,Santander,43.466666666667,-3.8
Q844508,Zumarraga,43.083055555556,-2.3166666666667
Q14649,Avilés,43.556111111111,-5.9222222222222
Q1110337,Carboneras,37.0004633,-1.8918946
Q12258,Sabadell,41.548333333333,2.1075
Q15093,Ciudad Real,38.983333333333,-3.9166666666667
Q229659,Zumaia,43.283333,-2.25
Q1020025,Egersund,58.45,6.0066666666667
Q25804,Trondheim,63.44,10.4
Q26793,Bergen,60.3925,5.3233333333333
Q57865,Nittedal Municipality,60.073055555556,10.872222222222
Q57076,Bærum Municipality,59.8904,10.526
Q107135,Fredrikstad Municipality,59.216667,10.95
Q2415,Kristiansand Municipality,58.14672222,7.99561111
Q59101,Narvik,68.43828,17.42777
Q25416,Stavanger,58.97,5.73138888888889
Q2290,Porsgrunn,59.1419,9.6568
Q996400,Saint-Claude,16.027222222222,-61.698333333333
Q29234,Saint-Brieuc,48.513611111111,-2.7602777777778
Q200832,Morteau,47.058055555556,6.6061111111111
Q463951,Maisons-Laffitte,48.946111111111,2.145
Q1138493,Courcouronnes,48.618055555556,2.4069444444444
Q659533,Wittenheim,47.8075,7.3369444444444
Q13636,Les Abymes,16.270555555556,-61.504722222222
Q273114,Požega,45.331388888889,17.674444444444
Q1384976,Amilly,47.973055555556,2.7702777777778
Q337636,Saint-Sébastien-sur-Loire,47.207222222222,-1.5025
Q233909,Alfortville,48.7975,2.4241666666667
Q684290,Mont-Saint-Martin,49.540555555556,5.7794444444444
Q16121,Beaune,47.024166666667,4.8388888888889
Q258059,Tournan-en-Brie,48.740555555556,2.7680555555556
Q494827,Gribskov Municipality,56.05,12.216666666667
Q30096,Frederiksberg,55.6775,12.536388888889
Q1748,Copenhagen,55.676111111111,12.568888888889
Q21006,Glostrup Municipality,55.666666666667,12.4
Q3530435,Nyborg,55.309722222222,10.791666666667
Q1019470,Skive,56.566666666667,9.0269444444444
Q190235,Horsens,55.861944444444,9.8519444444444
Q2372527,Galten,56.1564,9.905
Q26234,Esbjerg,55.470833333333,8.4513888888889
Q2583188,Voldum,56.3656,10.1728
Q27393,Herning,56.136111111111,8.9766666666667
Q986435,Nykøbing Falster,54.766666666667,11.883333333333
Q486545,Taraz,42.883333333333,71.366666666667
Q994,Tbilisi,41.7225,44.7925
Q817271,Bibai,43.3329444444444,141.853777777778
Q187826,Móstoles,40.333333333333,-3.8666666666667
Q194332,Mogi das Cruzes,-23.522777777778,-46.193055555556
Q15918923,Dikhankul,42.22274722,70.106025
Q484706,Karaganda,49.8,73.116666666667
Q131320,Shizuoka Prefecture,34.9769444444444,138.383
Q38234,Nagasaki,32.7495277777778,129.879638888889
Q1987828,Kareli,42.021388888889,43.893055555556
Q42073,Gumi,36.21,128.35444444444
Q6576,Irkutsk,52.283333333333,104.3
Q4070762,Arkhiloskalo,41.401666666667,46.445833333333
Q30,United States of America,39.828175,-98.5795
Q201982,Clichy,48.903611111111,2.3055555555556
Q5237,North Ossetia–Alania,43.183333333333,44.233333333333
Q105035,Beslan,43.183333333333,44.533333333333
Q941980,Tkibuli,42.3502777777778,42.9983333333333
Q128499,Yalta,44.499444444444,34.155277777778
Q1646711,Boysun District,38.2,67.2
Q9365,Dushanbe,38.573055555556,68.786388888889
Q2609539,Urganch District,41.55,60.64
Q328651,Yachiyo,35.7224166666667,140.099888888889
Q572951,Mörön,49.6375,100.16138888889
Q269851,Aramon,43.891111111111,4.6808333333333
Q492575,Huddinge Municipality,59.233333333333,17.983333333333
Q892020,Juma,39.709444444444,66.661388888889
Q112657,Peja,42.65913,20.28828
Q272254,São Vicente,-23.9664177,-46.3861401
Q370224,Noisy-le-Sec,48.890833333333,2.4536111111111
Q857272,Shiojiri,36.1149722222222,137.953444444444
Q214056,Edogawa-ku,35.7066388888889,139.868277777778
Q647508,Fujiyoshida,35.4875277777778,138.80775
Q107501,Sarcelles,48.997222222222,2.3780555555556
Q1015,Koper,45.547542728,13.7306571
Q544939,Enfield,51.6522222222222,-0.0808333333333333
Q647,Rennes,48.114166666667,-1.6808333333333
Q178168,Mitrovica,42.883333333333,20.866666666667
Q1663,Split,43.51,16.44
Q265948,Neunkirchen,47.726944444444,16.081666666667
Q1000887,Yehud,32.033333333333,34.883333333333
Q373687,Binzhou,37.380555555556,118.0125
Q622817,Tomar,39.6,-8.4166666666667
Q579753,Itariri,-24.2888,-47.13325
Q192225,Netanya,32.3286111111111,34.8566666666667
Q237394,Bondy,48.902777777778,2.4836111111111
Q839549,Soisy-sous-Montmorency,48.987777777778,2.2997222222222
Q208863,Hachioji,35.6664444444444,139.316
Q7473516,Tokyo,35.683889,139.774444
Q320934,Kurume,33.31925,130.508333333333
Q35765,Osaka,34.69375,135.502111111111
Q40269,Porto Alegre,-30.032777777778,-51.23
Q1646941,Iguape,-24.708055555556,-47.555277777778
Q191642,São José dos Campos,-23.178888888889,-45.886944444444
Q1792157,Aquidauana,-20.470833333333,-55.786944444444
Q1002818,Ceilândia,-15.8191666666667,-48.1083333333333
Q884,South Korea,36.0,128.0
Q209801,Himeji,34.8151666666667,134.685388888889
Q50329,Cheorwon County,38.209167,127.2175
Q1066398,Saint-Priest-en-Jarez,45.474166666667,4.3780555555556
Q7077,Dachau,48.260277777778,11.434166666667
Q2630603,Krasnapollie,53.333333333333,31.402222222222
Q750239,Vatra Dornei,47.35,25.366666666667
Q666521,Târgu Cărbunești,44.958333333333,23.506388888889
Q1824099,Den Horn,53.2275,6.446667
Q33439340,Gouda,52.01667,4.70833
Q217057,Clonmel,52.3539,-7.7116
Q1828035,Lisburn,54.516666666667,-6.0333333333333
Q81159,Hasselt,52.590833333333,6.0911111111111
Q617,Padua,45.406388888889,11.877777777778
Q13362,Ferrara,44.835297,11.619865
Q6231,Cremona,45.1333333333333,10.0247222222222
Q6237,Lecco,45.85334,9.39048
Q106681,Włocławek,52.65,19.05
Q1792,Gdańsk,54.3482907,18.6540233
Q213465,Guildford,51.2354,-0.5746
Q206988,Cheltenham,51.896519444444,-2.0784277777778
Q7128,Neuenkirch,47.099722222222,8.2025
Q7620932,Strafford,40.050833333333,-75.404444444444
Q1181684,Kennett Square,39.8442,-75.7106
Q1342,Pittsburgh,40.4416666666667,-80.0
Q1980190,Old Lyme,41.317222222222,-72.303055555556
Q883831,Blenheim,-41.516666666667,173.95
Q851718,Beverley,53.845,-0.427
Q203349,Poole,50.716666666667,-1.9833333333333
Q779119,Withiel,50.454,-4.826
Q3856,Nicosia,35.1725,33.365
Q1010169,Holmes Chapel,53.204,-2.353
Q936263,Gosport,50.795088888889,-1.1242361111111
Q2296366,Randburg,-26.093611111111,28.006388888889
Q192240,Northampton,52.233333333333,-0.9
Q985372,Made,51.6764,4.7925
Q2473978,Ede,52.0436,5.6667
Q60444,Drachten,53.1,6.1
Q9906,Blaricum,52.2728,5.2422
Q1531184,Glenview,42.07944444,-87.81555556
Q491540,Sarasota,27.337222222222,-82.535277777778
Q986378,Woodinville,47.7525,-122.156
Q1930746,Skibbereen,51.5486,-9.2636
Q104297150,Lisheen,51.738001,-9.40327
Q13652,Oristano,39.9058188,8.591609
Q155,Brazil,-14.0,-53.0
Q203380,Napier,-39.4902777777778,176.917777777778
Q191015,Trakai,54.633333333333,24.933333333333
Q200028,Hamilton,-37.783333333333,175.28333333333
Q79990,Christchurch,-43.5308888888889,172.6365
Q16427580,Vatra Moldoviței,47.626136,25.512597
Q178855,Botoșani,47.748611111111,26.669444444444
Q189960,Westminster,51.4995,-0.1333
Q845619,Taunton,51.019166666667,-3.1
Q6225,Coventry,52.416666666667,-1.5166666666667
Q1108185,Coleraine,55.133,-6.661
Q14878,Mettmann,51.25,6.96666666666667
Q2455984,Haulerwijk,53.0653,6.3314
Q186349,Târgu Mureș,46.549722222222,24.559722222222
Q652802,Câmpulung Moldovenesc,47.530833333333,25.551388888889
Q1421389,Fitzroy,-37.8011,144.979
Q3206,Western Australia,-26.0,121.0
Q784364,Bemmel,51.891666666667,5.8958333333333
Q180803,Truro,50.26,-5.051
Q189288,Stratford-upon-Avon,52.1927777777778,-1.70638888888889
Q10686,Belfast,54.596388888889,-5.93
Q175993,Raetihi,-39.4274,175.282
Q1015672,Whanganui,-39.9325,175.051944444444
Q13570100,Văleni,46.742898,27.746015
Q736305,Pașcani,47.251944444444,26.723055555556
Q303015,Fălticeni,47.4625,26.3
Q79808,Constanța,44.173333333333,28.638333333333
Q993714,Kenora,49.766666666667,-94.483333333333
Q2132,Victoria,48.422151,-123.3657
Q24639,Vancouver,49.2608333333333,-123.113888888889
Q643215,Coquitlam,49.2838888888889,-122.791944444444
Q1586510,North York,43.7797,-79.4156
Q126805,St. Catharines,43.183333333333,-79.233333333333
Q212283,Wells,51.2094444444444,-2.645
Q993164,Epsom,51.336111111111,-0.2675
Q188304,Sunderland,54.9,-1.3802777777778
Q1064180,Hillingdon,51.5329,-0.455
Q4093,Glasgow,55.8611111111111,-4.25
Q1780998,Sunningdale,51.398,-0.626
Q1918003,Pembury,51.1456,0.3224
Q350,Cambridge,52.208055555556,0.1225
Q16898560,Gura Humorului,47.554166666667,25.8875
Q189059,Mytilene,39.1047,26.5536
Q274249,Massy,48.730555555556,2.2763888888889
Q3240,Bouches-du-Rhône,43.5,5.0833333333333
Q1110218,Espira-de-l'Agly,42.776944444444,2.8355555555556
Q181725,Auch,43.645277777778,0.58861111111111
Q660165,Baie-Mahault,16.2675,-61.586944444444
Q55115,Monaco City,43.73097,7.424815
Q383402,Lannemezan,43.123888888889,0.38472222222222
Q201352,Pontoise,49.050833333333,2.1008333333333
Q856662,Lautoka,-17.624166666667,177.45277777778
Q26720,Sigatoka,-18.15,177.5
Q712,Fiji,-18.0,178.0
Q1196481,Kadavu,-19.05,178.25
Q1138545,Taveuni,-16.816666666667,179.96666666667
Q38807,Suva,-18.133333333333,178.43333333333
Q5460,Stellenbosch,-33.936666666667,18.861388888889
Q1004226,Pongola,-27.383333333333,31.616666666667
Q3926,Pretoria,-25.746388888889,28.188055555556
Q1290313,Somerset West,-34.097222222222,18.863888888889
Q585092,Jeffreys Bay,-34.033333333333,24.916666666667
Q182049,Rustenburg,-25.666666666667,27.233611111111
Q951161,Makhanda,-33.3,26.533333333333
Q1020914,Mthatha,-31.5886111111111,28.79
Q212984,New Plymouth,-39.057777777778,174.07416666667
Q5713175,Henderson,-36.8811,174.631
Q992577,Feilding,-40.225,175.565
Q1016574,Timaru,-44.3930555555556,171.250833333333
Q974074,Whakatāne,-37.964,176.984
Q758544,Auburn,-33.8483333333333,151.0344444
Q1015773,Porirua,-41.133333333333,174.85
Q7132408,Papakura,-37.0625,174.94194444444
Q1013579,Kawakawa,-35.383055555556,174.06666666667
Q876122,New Westminster,49.2069,-122.911
Q2127,Charlottetown,46.233611,-63.128333
Q7650193,Sutton,44.305,-79.3581
Q1917497,Waldheim,52.65,-106.617
Q991515,Canmore,51.083666666667,-115.36802777778
Q2096,Edmonton,53.533333333333,-113.5
Q271730,Abbotsford,49.054611111111,-122.328
Q49255,Tampa,27.9475,-82.4586111111111
Q4942806,Boody,39.7664,-89.0492
Q31058,Burlington,44.4876246,-73.2314828
Q813376,Beaufort,32.431944444444,-80.689444444444
Q23337,Salt Lake City,40.75,-111.88333333333
Q331104,Fayetteville,35.066666666667,-78.9175
Q192807,Ramat Gan,32.070007,34.823541
Q995911,Hoofddorp,52.3,4.6666666666667
Q671367,Perchtoldsdorf,48.116666666667,16.266666666667
Q15877,Izola,45.539545223,13.660405031
Q334,Singapore,1.3,103.8
Q185632,Limassol,34.674997,33.044286
Q2868,Lima,-12.06,-77.0375
Q69233,Münsterlingen,47.6313,9.2337
Q463937,Saint Thomas,18.333333333333,-64.916666666667
Q1908566,Laguna Beach,33.533333333333,-117.76666666667
Q1897,Cagliari,39.216666666667,9.1166666666667
Q2889938,Avihayil,32.3504,34.8721
Q44160,Toulon,43.125,5.9305555555556
Q3029661,Rockanje,51.8706,4.0689
Q2491169,Warten,53.15,5.8972
Q12338322,Søllerød,55.812,12.503
Q132679,Willemstad,12.108,-68.935
Q184256,Zeddam,51.9025,6.2583
Q13383459,Nacka,59.31,18.163889
Q26515,Östersund,63.179175,14.6360063888889
Q81909,Royan,45.623055555556,-1.0430555555556
Q672717,Feldbach,46.955,15.888333333333
Q188806,Kitakyushu,33.8834166666667,130.875194444444
Q34664,Hiroshima,34.38525,132.455305555556
Q10670378,Skogslyckan parish,56.884369444444,14.784111111111
Q25287,Gothenburg,57.7075,11.9675
Q279373,Rovereto,45.883333333333,11.034166666667
Q2164117,San Isidro,-34.466666666667,-58.516666666667
Q54119,San Pedro,-33.679444444444,-59.666944444444
Q10901764,Huazuo Miao and Yi Ethnic Township,26.92361,105.25825
Q1891,Bologna,44.493888888889,11.342777777778
Q51865,Fasano,40.833333333333,17.366666666667
Q170247,Jinan,36.666666666667,116.98333333333
Q197377,Zhangjiagang,31.87748,120.55123
Q1019556,Sjöbo,55.633746351615,13.697001901574
Q5707,Bjelovar,45.898888888889,16.842222222222
Q5826,Xi'an,34.2611111111111,108.942222222222
Q1797312,Kolhapur district,16.697902777778,74.225369444444
Q1022776,Port Charlotte,26.990277777778,-82.105833333333
Q16558,Fort Worth,32.7563888888889,-97.3325
Q115256,Taoyuan,24.991278,121.314328
Q729006,Chatham,51.381944444444,0.52333333333333
Q1555,Guatemala City,14.609861111111,-90.52525
Q41164,Jeju,33.366666666667,126.53333333333
Q50220,Danyang County,36.985,128.36277777778
Q1948260,Jhajjar district,28.61,76.66
Q180871,Compiègne,49.414166666667,2.8222222222222
Q526335,Keszthely,46.7675,17.24628
Q58273,Taizhou,28.6583,121.42213
Q68522,Le Noirmont,47.21366,6.94411
Q269667,Rheinfelden,47.553888888889,7.7958333333333
Q837129,Woodland,38.678611111111,-121.77333333333
Q2887,Santiago,-33.4375,-70.65
Q464955,Windsor,51.483333333333,-0.6
Q72,Zürich,47.3744444444444,8.54111111111111
Q231765,Geelong,-38.15,144.35
Q939677,Göksun,38.016666666667,36.5
Q15662832,Barara,30.2135,77.0388
Q41278,Ulsan,35.55,129.31666666667
Q12606326,Yangyang-eup,38.08916,128.60023
Q35493,Almaty,43.24,76.915
Q20409,Città della Pieve,42.953888888889,12.007777777778
Q2044,Florence,43.771388888889,11.254166666667
Q68579,Putian,25.439444,119.010278
Q1927639,Elstead,51.184,-0.698
Q1735,Innsbruck,47.268333333333,11.393333333333
Q14168,Pontianak,-0.020555555555556,109.34138888889
Q1439,Texas,31.0,-100.0
Q2188264,Šmartno pri Slovenj Gradcu,46.490833,15.1075
Q192517,Boulder,40.019444444444,-105.29277777778
Q255534,Haag,48.112222222222,14.565555555556
Q37333,Lublin,51.25,22.566666666667
Q7908841,Vairao,-17.819166666667,-149.29222222222
Q74033,Margaret River,-33.955,115.075
Q587013,São Sebastião,-23.804,-45.4051
Q29422,Boca Raton,26.368611111111,-80.1
Q184359,Le Puy-en-Velay,45.043333333333,3.885
Q582,Villeurbanne,45.766111111111,4.8794444444444
Q606268,Port Lincoln,-34.732222222222,135.86083333333
Q19660,Bucharest,44.4133611111111,26.0977777777778
Q1646181,Worcester,52.1911111111111,-2.22055555555556
Q84103,Magheralin,54.4667,-6.26667
Q244146,Clearwater,27.973611111111,-82.764166666667
Q100041,Carpi,44.783333333333,10.885
Q48114,Thiene,45.707222222222,11.478611111111
Q16568,Jacksonville,30.316666666667,-81.65
Q571329,Telki,47.55,18.833333333333
Q71,Geneva,46.2,6.15
Q6285,Varese,45.816666666667,8.8333333333333
Q2086137,Uttoxeter,52.898,-1.86
Q34932,Brisbane,-27.467777777778,153.02777777778
Q159232,Santa Cruz,36.97205,-122.026252
Q200589,Utsunomiya,36.5551111111111,139.882555555556
Q962499,Morristown,40.7966,-74.4773
Q990927,Dover,40.5267,-81.4778
Q367316,Orange Park,30.168611111111,-81.708611111111
Q28515,Springfield,39.80172,-89.64371
Q4819393,Auchenflower,-27.4756,152.992
Q6938213,Murdoch,-32.0698712,115.8375606
Q1049706,South Brisbane,-27.47665,153.01666944444
Q495,Turin,45.0791666666667,7.67611111111111
Q6671,Cittadella,45.648611111111,11.783611111111
Q251903,Bicester,51.9,-1.15
Q753930,Ridgefield,41.305277777778,-73.501388888889
Q1208436,Dunwoody,33.9428,-84.3178
Q957934,Crown Point,41.421666666667,-87.356111111111
Q249022,Traralgon,-38.1958,146.54
Q606294,Broome,-17.961944444444,122.23611111111
Q198266,Zhuzhou,27.84071,113.14692
Q71266,Yichang,30.708333,111.280278
Q43421,Richmond,37.5408333333333,-77.4366666666667
Q1370,Virginia,37.5,-79.0
Q165090,Chambéry,45.566388888889,5.9208333333333
Q9733,Noumea,-22.266666666667,166.45
Q47465,Aix-en-Provence,43.527777777778,5.4455555555556
Q146317,Veszprém,47.1,17.916666666667
Q4165,Bad Homburg vor der Höhe,50.2292361111111,8.61048611111111
Q42007,Szombathely,47.233333333333,16.633333333333
Q516080,Salem Municipality,59.233333333333,17.683333333333
Q57719,Xuzhou,34.26104,117.18587
Q107126,Arlington County,38.880277777778,-77.108333333333
Q339527,Launceston,-41.444444444444,147.13777777778
Q79875,Mobile,30.727669444444,-88.052672222222
Q104059,Asbest,57.0,61.466666666667
Q1026184,Redcliffe,-27.2258,153.1063
Q983776,Lakeville,44.649722222222,-93.2425
Q189602,Missoula,46.8625,-114.01166666667
Q182625,Windsor,42.31729,-83.03526
Q34647,Johannesburg,-26.204361111111,28.041638888889
Q3776988,"Grange, County Sligo",54.4,-8.5167
Q60,New York City,40.7,-74.0
Q832938,Bodegraven,52.0808,4.7486
Q23197,Nashville,36.1622222222222,-86.7744444444444
Q23768,Las Vegas,36.169166666667,-115.14472222222
Q4675511,Sunnybank,-27.579,153.059
Q187861,Wollongong,-34.433055555556,150.88305555556
Q3276625,North Sydney,-33.8352777777778,151.2094444
Q188693,Blantyre,-15.786111111111,35.005833333333
Q1319893,Valencia,34.389444444444,-118.56472222222
Q204561,Modesto,37.661388888889,-120.99444444444
Q34405,Jingdezhen,29.294167,117.203611
Q42666,Shaoxing,30.0,120.58333333333
Q462177,White Plains,41.04,-73.778611111111
Q2672339,Germantown Hills,40.76806,-89.46806
Q506428,Mission Viejo,33.612778,-117.656111
Q58584,Baoding,38.86712,115.48452
Q6501416,Zhifu District,37.5369444444444,121.401388888889
Q58294,Lishui,28.45,119.91666666667
Q92161,Changchun,43.9,125.2
Q486459,Evansville,37.974722222222,-87.555833333333
Q16554,Denver,39.739166666667,-104.98472222222
Q497793,Bendigo,-36.75,144.26666666667
Q5314713,Duncraig,-31.833,115.777
Q1009253,Ipswich,-27.616666666667,152.76666666667
Q1002144,Southport,-27.966666666667,153.4
Q360374,Anqing,30.5,117.03333333333
Q9279,Bandar Seri Begawan,4.9166666666667,114.91666666667
Q36687,Victoria,-36.8541666666667,144.281111111111
Q500217,Växjö Municipality,56.883333333333,14.8
Q6441,Montpellier,43.610919444444,3.8772305555556
Q92277,Jilin City,43.8461,126.56157
Q18560570,Sollentuna parish,59.466667,17.918333
Q54339,Trollhättan,58.282777777778,12.289166666667
Q170322,Qingdao,36.116666666667,120.4
Q205922,Qiqihar,47.33981,123.95124
Q46747,Sendai,38.2682222222222,140.869416666667
Q241037,Numazu,35.0955833333333,138.863444444444
Q58710,Langfang,39.51962,116.70056
Q13667630,Teletl,42.42777,46.737996
Q1056120,Décines-Charpieu,45.768611111111,4.9588888888889
Q3099155,Tebourba,36.829485,9.841089
Q269,Tashkent,41.3111111111111,69.2797222222222
Q181578,Qazvin,36.2854366666667,50.0041
Q6761,Livorno,43.55,10.316666666667
Q484038,Brøndby Municipality,55.654722222222,12.416388888889
Q180078,Kermanshah,34.316666666667,47.068611111111
Q271000,Bouaké,7.68333,-5.03306
Q840951,Surat Thani,9.1397222222222,99.330555555556
Q3616,Tehran,35.7,51.416666666667
Q42053,Isfahan,32.6525,51.6747222222222
Q2135,Winnipeg,49.8955555555556,-97.1386111111111
Q36529,Karaj,35.8327777777778,50.9916666666667
Q40846,Tenerife,28.268611111111,-16.605555555556
Q816809,Palm Bay,27.997922222222,-80.670008333333
Q81046,Charleroi,50.416666666667,4.4441666666667
Q206961,Épinay-sur-Seine,48.954722222222,2.3083333333333
Q913406,Chirchiq,41.466666666667,69.583333333333
Q38545,Adana,37.00262,35.31346
Q1324420,El Palmar,37.9382011694444,-1.16736835
Q13372,Carrara,44.083333333333,10.1
Q979425,Rancho Santa Fe,33.02389,-117.2
Q497810,Camden County,39.8,-74.96
Q71227,Shiyan,32.63507,110.7755
Q1640,Osijek,45.560277777778,18.670277777778
Q270,Warsaw,52.23,21.0111111111111
Q216903,Castelnuovo di Garfagnana,44.121944444444,10.405555555556
Q919,Krasnoyarsk,56.0088888888889,92.8719444444444
Q136310,Zhigulyovsk,53.4,49.5
Q1637512,La Vall d'Uixó,39.8235837,-0.2316995
Q180139,Hradec Králové,50.209166666667,15.831944444444
Q827041,Beroun,49.963908175611,14.072061165906
Q1930,Ottawa,45.424722222222,-75.695
Q6537297,Lewisham,51.461455555556,-0.0053694444444444
Q2397257,Taupō,-38.69,176.08
Q658564,Le Pont-de-Beauvoisin,45.536388888889,5.6725
Q180005,Livry-Gargan,48.918333333333,2.5352777777778
Q4149,Neustadt an der Weinstraße,49.353621,8.13607
Q3042,Offenbach am Main,50.1,8.7666666666667
Q6949,Stade,53.600833333333,9.4763888888889
Q588898,Germantown,35.088888888889,-89.793888888889
Q840678,Redondo Beach,33.856388888889,-118.37694444444
Q213325,Rapid City,44.0810555555556,-103.228666666667
Q18125,Manchester,53.466666666667,-2.2333333333333
Q42462,York,53.95,-1.0833333333333
Q25579,Umeå,63.828453583518,20.270566462023
Q54349,Lidingö,59.364154584885,18.131046738443
Q61936,Starnberg,47.997222222222,11.340555555556
Q485253,Stord Municipality,59.808055555556,5.4663888888889
Q22044905,Espinosa,-14.92611,-42.81917
Q170578,Aracaju,-10.9167,-37.05
Q807,Lausanne,46.533333333333,6.6333333333333
Q65862,Reichenburg,47.169444444444,8.9744444444444
Q66697,Steinhausen,47.196944444444,8.4861111111111
Q243851,Coudekerque-Branche,51.024722222222,2.3908333333333
Q79815,Mulhouse,47.748611111111,7.3391666666667
Q193832,Cagnes-sur-Mer,43.663611111111,7.1483333333333
Q234281,Saint-Raphaël,43.424722222222,6.7677777777778
Q6616,Poitiers,46.581111111111,0.33527777777778
Q182481,Tourcoing,50.7225,3.1602777777778
Q207156,Pessac,44.805833333333,-0.63222222222222
Q1289,Grenoble,45.186944444444,5.7263888888889
Q984538,Krotoszyn,51.697019444444,17.435694444444
Q110732,Wałbrzych,50.766666666667,16.283333333333
Q731805,Jawor,51.05,16.183333333333
Q82765,Olsztyn,53.78,20.494166666667
Q841356,Giżycko,54.04,21.758888888889
Q605483,Kędzierzyn-Koźle,50.333333333333,18.2
Q580,Łódź,51.75,19.466666666667
Q1483871,Blachownia,50.783333333333,18.966666666667
Q653797,Brzozów,49.695277777778,22.019444444444
Q40435,Buffalo,42.8863888888889,-78.8780555555556
Q5092,Baltimore,39.286388888889,-76.615
Q575315,Wheaton,41.8560731,-88.1083648
Q5917,Huntington Beach,33.692777777778,-117.99972222222
Q18094,Honolulu,21.3046944444444,-157.857194444444
Q1484530,Kaneohe,21.4092,-157.799
Q939529,Hinsdale,41.800555555556,-87.928055555556
Q9474,Moncalieri,45.000461,7.684754
Q103244,San Miniato,43.683333333333,10.85
Q72346,Piano di Sorrento,40.633333333333,14.411111111111
Q386833,Narbolia,40.048055555556,8.5763888888889
Q1155,Busto Arsizio,45.611958333333,8.8518
Q2656,Palermo,38.1156580555556,13.3612619444444
Q157598,Kulmbach,50.1,11.4333333333333
Q6244,Lodi,45.316666666667,9.5
Q29042,Akureyri,65.683333333333,-18.1
Q94990,San Giovanni in Persiceto,44.640833333333,11.185
Q270492,Albisola Superiore,44.339502777778,8.5101333333333
Q1994656,McAlester,34.933055555556,-95.766388888889
Q981796,Katy,29.7925,-95.8225
Q489197,Torrance,33.8358492,-118.3406288
Q576152,Geneva,41.89,-88.31
Q653613,Fremont,41.439722222222,-96.49
Q932981,Muncie,40.193333333333,-85.388055555556
Q957763,Edina,44.8896944444444,-93.3501111111111
Q2462183,Riverside,41.8308,-87.8161
Q16739,Long Beach,33.7680555555556,-118.195555555556
Q579542,Elmhurst,41.89947,-87.94034
Q25395,Newark,40.7355555555556,-74.1722222222222
Q1807301,Barra do Corda,-5.5058333333333,-45.242777777778
Q461773,Barueri,-23.511111111111,-46.876388888889
Q191652,Santo André,-23.6533349,-46.5279508
Q1637513,Nova Trento,-27.2866666666667,-48.9302777777778
Q1726,Munich,48.1375,11.575
Q1646970,Jandira,-23.527777777778,-46.902777777778
Q171080,Kotor,42.42539,18.771191
Q129259,Niš,43.319166666667,21.896111111111
Q205432,Pančevo,44.873888888889,20.651944444444
Q1722,Dubrovnik,42.640277777778,18.108333333333
Q1647,Rijeka,45.3333333333333,14.4333333333333
Q1741,Vienna,48.2083333333333,16.3725
Q266975,Santa Margherita Ligure,44.334933333333,9.2101222222222
Q159288,Santa Barbara,34.425833333333,-119.71416666667
Q484678,Berkeley,37.870277777778,-122.26805555556
Q984597,San Anselmo,37.98,-122.568056
Q15470,L'Hospitalet de Llobregat,41.358888888889,2.0991666666667
Q12390135,"Goá, Cospeito",43.2590535,-7.5246234
Q13936,Sant Cugat del Vallès,41.473538,2.085244
Q12110,Arenys de Mar,41.581944444444,2.5502777777778
Q13934,Rubí,41.493333333333,2.0325
Q190021,Townsville,-19.262222222222,146.81583333333
Q408,Australia,-25.0,133.0
Q851244,Beuningen,51.8666666666667,5.76666666666667
Q10035,De Bilt,52.1119,5.1825
Q9954,Purmerend,52.505,4.9638888888889
Q9959,Schermer,52.6067,4.8511
Q26555,Ede,52.05,5.6666666666667
Q9978,Zaanstad,52.4697,4.7767
Q72974,Winterswijk,51.966666666667,6.7166666666667
Q164098,Barneveld,52.1333,5.5833
Q84125,Gouda,52.0180555555556,4.70555555555556
Q3018561,Apeldoorn,52.21,5.97
Q1209464,Nan'an,24.96327,118.3811
Q475759,Khun Han,14.617222222222,104.42444444444
Q3540,Banten,-6.5,106.25
Q476736,Sikhoraphum,14.946666666667,103.79166666667
Q178385,Sliven,42.678146,26.325963
Q1441410,Istmina,5.1633333333333,-76.686666666667
Q481674,Castelvetrano,37.678611111111,12.791666666667
Q65282862,Soyliq,41.613056,69.768889
Q2678,Gomel,52.441666666667,30.983333333333
Q474669,Sachkhere,42.3397222222222,43.4047222222222
Q199500,Gyumri,40.783333333333,43.833333333333
Q14269944,Meitang,,
Q15634795,Dofteana,46.321742,26.527759
Q475389,Chiang Khong,20.26,100.40666666667
Q1336,Rimouski,48.45,-68.533333333333
Q237258,Yilan County,24.75,121.75
Q49241,Lexington,38.029722222222,-84.494722222222
Q727559,Turbo,8.0930555555556,-76.728333333333
Q5762444,Shell,-1.49973,-78.06113
Q33,Finland,65.0,27.0
Q217156,Ismailia,30.583333333333,32.266666666667
Q676931,Puyo,-1.4902777777778,-78.002222222222
Q502403,Ibaraki,34.8163611111111,135.568583333333
Q27962250,Birohar,28.58333333,76.38333333
Q182647,Khwarezm,42.189608333333,59.326172222222
Q200251,Kōchi,33.5588333333333,133.531222222222
Q2633285,Khalil Shahr,36.686666666667,53.646388888889
Q1087213,Toms River,39.9943,-74.1662
Q5187,Chechnya,43.4,45.716694444444
Q147756,Khasavyurt,43.25,46.583333333333
Q513897,Kyotango,35.6241388888889,135.060944444444
Q217346,Ithaca,42.443333333333,-76.5
Q4333227,Oktyabrskoye,43.48344,46.435714
Q1283615,Juybar County,36.666666666667,52.9
Q755559,Hagerstown,39.642777777778,-77.72
Q131416,Derbent,42.0577777777778,48.2888888888889
Q4137129,Gergebil,42.505037,47.065774
Q180810,Mtskheta,41.8430555555556,44.7194444444444
Q4060983,Aleksandriyskaya,43.907366666667,47.130947222222
Q19583,Gori,41.9816861111111,44.1124166666667
Q331078,Amol,36.4697222222222,52.3508333333333
Q107401,Sivas,39.75,37.016666666667
Q132720,Yamanashi Prefecture,35.6641388888889,138.568416666667
Q17024332,Balasary,42.6943,71.61111
Q605142,Dezful,32.3811111111111,48.4058333333333
Q6944532,"Muğanlı, Agstafa",41.344166666667,45.195
Q2352148,Goranboy,40.61,46.787222222222
Q200707,Takamatsu,34.3428055555556,134.046611111111
Q2669269,Aravan District,40.5151,72.4986
Q42308,Kharkiv,49.9925,36.2311111111111
Q430308,Izeh,31.8313888888889,49.8694444444444
Q9361,Bishkek,42.866666666667,74.566666666667
Q12891530,"Herradura, Cuba",22.5125650857052,-83.4136136258165
Q2827119,Agramonte,22.676111,-81.115556
Q2639110,Gotvand,32.245277777778,48.813888888889
Q2657932,Granger,41.7383,-86.1489
Q274126,Havana Province,22.75,-82.166666666667
Q320943,Matsudo,35.7876388888889,139.903166666667
Q26410,Yokkaichi,34.9650277777778,136.624416666667
Q504260,quevedo,-1.3,-79.5
Q838542,Shaoshan,27.91,112.48
Q877209,Kōnan,33.5641666666667,133.7005
Q2450480,Tătărești,47.2052777778,28.5380555556
Q327022,Rockville,39.084,-77.15276
Q149163,Radomyshl,50.494722222222,29.233333333333
Q1355846,Mailuu-Suu,41.2457479,72.448039
Q732759,Ghinda,15.45,39.083333333333
Q17013707,,42.48333333,71.91666667
Q35997,İzmir,38.41273,27.13838
Q205526,Yamagata,38.2554166666667,140.339611111111
Q996581,Buenaventura,3.8772222222222,-77.026666666667
